1.00;Afganistán;AFG;;;;;;;;;;;;;;;;;;;;;;;;;;;;;;;;;;;;;;212.45;202.19;191.94;181.68;171.43;161.17;152.68;144.18;135.69;127.19;118.69;114.86;111.04;107.21;103.38
2.00;Albania;ALB;;;;;;;;;;;;;;;;;;;;;;;;;;;;;;;;;;;;;;11.82;12.93;14.03;15.14;16.25;17.35;17.45;17.55;17.65;17.76;17.86;17.27;16.68;16.09;15.50
3.00;Argelia;DZA;;;;;;;;;;;;;;;;;;;;;;;;;;;;;;;;;;;;;;11.77;11.12;10.48;9.83;9.19;8.54;8.30;8.06;7.82;7.58;7.34;7.09;6.84;6.58;6.33
4.00;Samoa Americana;ASM;;;;;;;;;;;;;;;;;;;;;;;;;;;;;;;;;;;;;;;;;;;;;;;;;;;;
5.00;Andorra;AND;;;;;;;;;;;;;;;;;;;;;;;;;;;;;;;;;;;;;;;;;;;;;;;;;;;;
6.00;Angola;AGO;;;;;;;;;;;;;;;;;;;;;;;;;;;;;;;;;;;;;;215.06;212.24;209.42;206.59;203.77;200.95;194.98;189.01;183.04;177.07;171.10;166.50;161.90;157.30;152.70
7.00;Antigua y Barbuda;ATG;;;;;;;;;;;;;;;;;;;;;;;;;;;;;;;;;;;;;;;;;;;;;;;;;;;;
8.00;Argentina;ARG;;;;;;;;;;;;;;;;;;;;;;;;;;;;;;;;;;;;;;69.80;67.98;66.16;64.34;62.52;60.70;59.94;59.18;58.42;57.66;56.90;56.36;55.81;55.27;54.73
9.00;Armenia;ARM;;;;;;;;;;;;;;;;;;;;;;;;;;;;;;;;;;;;;;52.96;49.94;46.93;43.92;40.91;37.90;37.46;37.02;36.58;36.14;35.71;35.21;34.71;34.21;33.71
10.00;Aruba;ABW;;;;;;;;;;;;;;;;;;;;;;;;;;;;;;;;;;;;;;47.30;46.07;44.83;43.59;42.36;41.12;39.57;38.03;36.48;34.94;33.39;32.01;30.62;29.23;27.85
11.00;Australia;AUS;;;;;;;;;;;;;;;;;;;;;;;;;;;;;;;;;;;;;;19.25;18.74;18.24;17.73;17.23;16.72;16.68;16.63;16.58;16.54;16.49;15.69;14.90;14.10;13.31
12.00;Austria;AUT;;;;;;;;;;;;;;;;;;;;;;;;;;;;;;;;;;;;;;14.59;14.37;14.16;13.94;13.73;13.51;13.36;13.22;13.07;12.93;12.78;12.17;11.56;10.96;10.35
13.00;Azerbaiyán;AZE;;;;;;;;;;;;;;;;;;;;;;;;;;;;;;;;;;;;;;41.01;39.53;38.04;36.56;35.08;33.60;33.65;33.70;33.75;33.80;33.85;33.35;32.86;32.36;31.86
14.00;Bahamas;BHS;;;;;;;;;;;;;;;;;;;;;;;;;;;;;;;;;;;;;;61.90;58.32;54.74;51.16;47.57;43.99;41.55;39.11;36.67;34.23;31.78;31.09;30.39;29.69;28.99
15.00;Bahrein;BHR;;;;;;;;;;;;;;;;;;;;;;;;;;;;;;;;;;;;;;17.87;17.43;16.99;16.55;16.11;15.67;15.52;15.37;15.22;15.07;14.92;14.90;14.88;14.86;14.84
16.00;Bangladesh;BGD;;;;;;;;;;;;;;;;;;;;;;;;;;;;;;;;;;;;;;130.46;125.55;120.63;115.71;110.80;105.88;100.49;95.10;89.71;84.32;78.93;76.79;74.66;72.52;70.38
17.00;Barbados;BRB;;;;;;;;;;;;;;;;;;;;;;;;;;;;;;;;;;;;;;56.18;53.36;50.55;47.73;44.91;42.10;42.20;42.30;42.40;42.50;42.61;42.24;41.88;41.52;41.15
18.00;Belarús;BLR;;;;;;;;;;;;;;;;;;;;;;;;;;;;;;;;;;;;;;33.22;31.36;29.50;27.64;25.78;23.92;23.56;23.21;22.85;22.50;22.15;21.82;21.50;21.18;20.85
19.00;Bélgica;BEL;;;;;;;;;;;;;;;;;;;;;;;;;;;;;;;;;;;;;;22.75;21.43;20.11;18.79;17.47;16.15;15.75;15.35;14.96;14.56;14.16;13.58;12.99;12.40;11.82
20.00;Belice;BLZ;;;;;;;;;;;;;;;;;;;;;;;;;;;;;;;;;;;;;;106.26;103.25;100.23;97.22;94.20;91.19;88.69;86.20;83.71;81.21;78.72;77.13;75.54;73.96;72.37
21.00;Benin;BEN;;;;;;;;;;;;;;;;;;;;;;;;;;;;;;;;;;;;;;123.34;122.15;120.97;119.78;118.60;117.41;116.28;115.14;114.01;112.87;111.74;108.79;105.84;102.89;99.94
22.00;Bermudas;BMU;;;;;;;;;;;;;;;;;;;;;;;;;;;;;;;;;;;;;;;;;;;;;;;;;;;;
23.00;Bhután;BTN;;;;;;;;;;;;;;;;;;;;;;;;;;;;;;;;;;;;;;75.00;71.66;68.31;64.97;61.63;58.29;56.66;55.03;53.41;51.78;50.16;49.10;48.05;47.00;45.94
24.00;Bolivia;BOL;;;;;;;;;;;;;;;;;;;;;;;;;;;;;;;;;;;;;;86.90;86.40;85.90;85.40;84.90;84.40;83.16;81.92;80.68;79.44;78.20;77.50;76.81;76.12;75.42
25.00;Bosnia y Herzegovina;BIH;;;;;;;;;;;;;;;;;;;;;;;;;;;;;;;;;;;;;;27.02;25.25;23.48;21.71;19.94;18.17;17.82;17.47;17.12;16.77;16.43;15.83;15.23;14.63;14.03
26.00;Botswana;BWA;;;;;;;;;;;;;;;;;;;;;;;;;;;;;;;;;;;;;;73.26;70.86;68.45;66.05;63.65;61.25;59.42;57.60;55.78;53.95;52.13;50.46;48.80;47.13;45.47
27.00;Brasil;BRA;;;;;;;;;;;;;;;;;;;;;;;;;;;;;;;;;;;;;;89.70;88.96;88.22;87.48;86.74;86.00;83.92;81.84;79.76;77.68;75.60;75.67;75.74;75.81;75.88
28.00;Brunei Darussalam;BRN;;;;;;;;;;;;;;;;;;;;;;;;;;;;;;;;;;;;;;28.76;28.25;27.74;27.23;26.73;26.22;25.99;25.76;25.53;25.30;25.07;24.60;24.14;23.67;23.20
29.00;Bulgaria;BGR;;;;;;;;;;;;;;;;;;;;;;;;;;;;;;;;;;;;;;50.65;49.47;48.30;47.12;45.95;44.77;44.38;43.99;43.60;43.21;42.82;41.50;40.18;38.86;37.55
30.00;Burkina Faso;BFA;;;;;;;;;;;;;;;;;;;;;;;;;;;;;;;;;;;;;;136.21;135.05;133.88;132.71;131.55;130.38;129.27;128.16;127.05;125.94;124.83;123.34;121.86;120.38;118.90
31.00;Burundi;BDI;;;;;;;;;;;;;;;;;;;;;;;;;;;;;;;;;;;;;;40.14;37.90;35.67;33.44;31.20;28.97;26.90;24.84;22.77;20.71;18.64;19.09;19.55;20.00;20.45
32.00;Camboya;KHM;;;;;;;;;;;;;;;;;;;;;;;;;;;;;;;;;;;;;;53.34;51.75;50.16;48.57;46.98;45.40;44.67;43.95;43.22;42.50;41.77;39.99;38.22;36.44;34.66
33.00;Camerún;CMR;;;;;;;;;;;;;;;;;;;;;;;;;;;;;;;;;;;;;;142.80;141.48;140.16;138.84;137.52;136.20;134.52;132.83;131.14;129.46;127.77;125.25;122.72;120.19;117.67
34.00;Canadá;CAN;;;;;;;;;;;;;;;;;;;;;;;;;;;;;;;;;;;;;;20.09;19.07;18.04;17.02;16.00;14.98;14.77;14.57;14.36;14.16;13.95;13.41;12.88;12.34;11.80
35.00;Cabo Verde;CPV;;;;;;;;;;;;;;;;;;;;;;;;;;;;;;;;;;;;;;105.79;103.56;101.33;99.10;96.88;94.65;92.03;89.42;86.80;84.18;81.57;79.09;76.62;74.14;71.66
36.00;Islas Caimán;CYM;;;;;;;;;;;;;;;;;;;;;;;;;;;;;;;;;;;;;;;;;;;;;;;;;;;;
37.00;República Centroafricana;CAF;;;;;;;;;;;;;;;;;;;;;;;;;;;;;;;;;;;;;;134.40;132.03;129.65;127.28;124.91;122.54;119.35;116.17;112.99;109.81;106.62;105.02;103.43;101.83;100.23
38.00;Chad;TCD;;;;;;;;;;;;;;;;;;;;;;;;;;;;;;;;;;;;;;193.41;192.64;191.88;191.12;190.35;189.59;184.58;179.57;174.56;169.56;164.55;159.27;153.99;148.71;143.43
39.00;Islas del Canal;CHI;;;;;;;;;;;;;;;;;;;;;;;;;;;;;;;;;;;;;;13.78;13.40;13.02;12.64;12.26;11.88;11.48;11.09;10.70;10.31;9.91;9.61;9.30;8.99;8.68
40.00;Chile;CHL;;;;;;;;;;;;;;;;;;;;;;;;;;;;;;;;;;;;;;66.90;65.84;64.78;63.72;62.66;61.60;60.93;60.26;59.59;58.92;58.25;57.80;57.34;56.89;56.44
41.00;China;CHN;;;;;;;;;;;;;;;;;;;;;;;;;;;;;;;;;;;;;;6.82;7.10;7.37;7.65;7.93;8.20;8.25;8.29;8.34;8.38;8.43;8.56;8.70;8.83;8.96
42.00;Colombia;COL;;;;;;;;;;;;;;;;;;;;;;;;;;;;;;;;;;;;;;91.70;92.50;93.30;94.10;94.90;95.70;91.42;87.14;82.86;78.58;74.30;73.07;71.84;70.61;69.38
43.00;Comoras;COM;;;;;;;;;;;;;;;;;;;;;;;;;;;;;;;;;;;;;;66.46;65.89;65.31;64.74;64.17;63.59;62.48;61.36;60.25;59.13;58.01;56.63;55.25;53.88;52.50
44.00;Congo, República Democrática del;COD;;;;;;;;;;;;;;;;;;;;;;;;;;;;;;;;;;;;;;242.04;239.75;237.46;235.17;232.87;230.58;224.75;218.92;213.08;207.25;201.41;195.25;189.08;182.92;176.75
45.00;Congo, República del;COG;;;;;;;;;;;;;;;;;;;;;;;;;;;;;;;;;;;;;;130.24;130.29;130.33;130.38;130.42;130.47;128.11;125.76;123.40;121.05;118.69;117.47;116.25;115.02;113.80
46.00;Costa Rica;CRI;;;;;;;;;;;;;;;;;;;;;;;;;;;;;;;;;;;;;;86.90;84.80;82.71;80.61;78.51;76.42;74.26;72.10;69.95;67.79;65.63;64.90;64.16;63.42;62.68
47.00;Côte d'Ivoire;CIV;;;;;;;;;;;;;;;;;;;;;;;;;;;;;;;;;;;;;;136.41;136.10;135.79;135.48;135.17;134.87;133.77;132.67;131.57;130.47;129.37;124.64;119.90;115.16;110.43
48.00;Croacia;HRV;;;;;;;;;;;;;;;;;;;;;;;;;;;;;;;;;;;;;;17.80;17.11;16.42;15.73;15.04;14.36;14.18;14.00;13.82;13.64;13.46;13.33;13.19;13.06;12.93
49.00;Cuba;CUB;;;;;;;;;;;;;;;;;;;;;;;;;;;;;;;;;;;;;;67.90;64.38;60.86;57.34;53.82;50.30;49.28;48.27;47.25;46.23;45.22;44.96;44.70;44.44;44.19
50.00;Curacao;CUW;;;;;;;;;;;;;;;;;;;;;;;;;;;;;;;;;;;;;;;;;;;;;;;;;;;;
51.00;Chipre;CYP;;;;;;;;;;;;;;;;;;;;;;;;;;;;;;;;;;;;;;13.05;11.89;10.72;9.56;8.39;7.23;7.09;6.96;6.82;6.69;6.55;6.33;6.11;5.89;5.67
52.00;República Checa;CZE;;;;;;;;;;;;;;;;;;;;;;;;;;;;;;;;;;;;;;16.69;15.62;14.56;13.49;12.42;11.35;11.30;11.25;11.21;11.16;11.11;10.73;10.34;9.96;9.57
53.00;Dinamarca;DNK;;;;;;;;;;;;;;;;;;;;;;;;;;;;;;;;;;;;;;8.01;7.73;7.45;7.17;6.90;6.62;6.49;6.35;6.22;6.09;5.95;5.79;5.62;5.46;5.29
54.00;Djibouti;DJI;;;;;;;;;;;;;;;;;;;;;;;;;;;;;;;;;;;;;;31.08;30.63;30.18;29.73;29.27;28.82;27.64;26.46;25.28;24.10;22.92;22.24;21.56;20.88;20.20
55.00;Dominica;DMA;;;;;;;;;;;;;;;;;;;;;;;;;;;;;;;;;;;;;;;;;;;;;;;;;;;;
56.00;República Dominicana;DOM;;;;;;;;;;;;;;;;;;;;;;;;;;;;;;;;;;;;;;111.00;110.72;110.44;110.16;109.88;109.60;109.42;109.24;109.06;108.88;108.70;107.68;106.67;105.65;104.63
57.00;Ecuador;ECU;;;;;;;;;;;;;;;;;;;;;;;;;;;;;;;;;;;;;;85.40;85.22;85.04;84.86;84.68;84.50;84.16;83.82;83.48;83.14;82.80;82.35;81.90;81.45;81.01
58.00;Egipto, República Árabe de;EGY;;;;;;;;;;;;;;;;;;;;;;;;;;;;;;;;;;;;;;58.81;57.54;56.28;55.01;53.75;52.48;51.30;50.12;48.94;47.76;46.57;45.39;44.20;43.02;41.83
59.00;El Salvador;SLV;;;;;;;;;;;;;;;;;;;;;;;;;;;;;;;;;;;;;;111.50;107.58;103.66;99.74;95.82;91.90;90.06;88.22;86.38;84.54;82.70;81.39;80.08;78.77;77.46
60.00;Guinea Ecuatorial;GNQ;;;;;;;;;;;;;;;;;;;;;;;;;;;;;;;;;;;;;;133.91;132.88;131.85;130.83;129.80;128.77;127.59;126.40;125.22;124.04;122.85;121.21;119.57;117.92;116.28
61.00;Eritrea;ERI;;;;;;;;;;;;;;;;;;;;;;;;;;;;;;;;;;;;;;98.69;95.60;92.50;89.41;86.31;83.22;79.88;76.55;73.22;69.88;66.55;63.98;61.41;58.85;56.28
62.00;Estonia;EST;;;;;;;;;;;;;;;;;;;;;;;;;;;;;;;;;;;;;;30.48;28.84;27.20;25.56;23.92;22.28;22.38;22.47;22.56;22.65;22.75;21.63;20.52;19.41;18.30
63.00;Etiopía;ETH;;;;;;;;;;;;;;;;;;;;;;;;;;;;;;;;;;;;;;111.52;108.66;105.80;102.94;100.08;97.22;92.25;87.29;82.33;77.37;72.40;67.57;62.74;57.91;53.08
64.00;Islas Feroe;FRO;;;;;;;;;;;;;;;;;;;;;;;;;;;;;;;;;;;;;;;;;;;;;;;;;;;;
65.00;Fiji;FJI;;;;;;;;;;;;;;;;;;;;;;;;;;;;;;;;;;;;;;45.80;44.94;44.08;43.22;42.36;41.50;42.25;43.00;43.75;44.49;45.24;44.75;44.26;43.77;43.28
66.00;Finlandia;FIN;;;;;;;;;;;;;;;;;;;;;;;;;;;;;;;;;;;;;;9.62;10.32;11.02;11.72;12.42;13.12;12.36;11.60;10.84;10.08;9.32;9.33;9.33;9.33;9.33
67.00;Francia;FRA;;;;;;;;;;;;;;;;;;;;;;;;;;;;;;;;;;;;;;7.22;7.38;7.54;7.70;7.86;8.02;7.85;7.68;7.51;7.34;7.17;6.94;6.72;6.49;6.27
68.00;Polinesia Francesa;PYF;;;;;;;;;;;;;;;;;;;;;;;;;;;;;;;;;;;;;;61.31;60.17;59.03;57.88;56.74;55.60;54.70;53.80;52.90;52.01;51.11;50.50;49.90;49.30;48.69
69.00;Gabón;GAB;;;;;;;;;;;;;;;;;;;;;;;;;;;;;;;;;;;;;;130.11;125.50;120.88;116.27;111.66;107.05;103.62;100.20;96.77;93.34;89.91;88.14;86.36;84.59;82.81
70.00;Gambia;GMB;;;;;;;;;;;;;;;;;;;;;;;;;;;;;;;;;;;;;;130.87;125.26;119.66;114.05;108.45;102.84;97.59;92.34;87.08;81.83;76.58;74.64;72.69;70.75;68.81
71.00;Georgia;GEO;;;;;;;;;;;;;;;;;;;;;;;;;;;;;;;;;;;;;;60.54;58.13;55.72;53.30;50.89;48.47;47.71;46.94;46.18;45.42;44.65;43.62;42.59;41.56;40.54
72.00;Alemania;DEU;;;;;;;;;;;;;;;;;;;;;;;;;;;;;;;;;;;;;;12.81;12.33;11.84;11.36;10.87;10.39;9.89;9.40;8.91;8.41;7.92;7.71;7.49;7.28;7.06
73.00;Ghana;GHA;;;;;;;;;;;;;;;;;;;;;;;;;;;;;;;;;;;;;;90.15;88.11;86.07;84.03;81.99;79.95;78.18;76.41;74.64;72.87;71.11;69.36;67.61;65.87;64.12
74.00;Grecia;GRC;;;;;;;;;;;;;;;;;;;;;;;;;;;;;;;;;;;;;;11.74;11.53;11.31;11.10;10.88;10.67;10.85;11.03;11.21;11.39;11.57;11.18;10.80;10.41;10.02
75.00;Groenlandia;GRL;;;;;;;;;;;;;;;;;;;;;;;;;;;;;;;;;;;;;;;;;;;;;;;;;;;;
76.00;Granada;GRD;;;;;;;;;;;;;;;;;;;;;;;;;;;;;;;;;;;;;;61.47;59.40;57.34;55.28;53.22;51.15;49.40;47.66;45.91;44.16;42.41;41.01;39.62;38.22;36.83
77.00;Guam;GUM;;;;;;;;;;;;;;;;;;;;;;;;;;;;;;;;;;;;;;78.24;73.49;68.73;63.98;59.22;54.47;53.89;53.30;52.71;52.13;51.54;51.24;50.94;50.64;50.33
78.00;Guatemala;GTM;;;;;;;;;;;;;;;;;;;;;;;;;;;;;;;;;;;;;;121.10;119.96;118.82;117.68;116.54;115.40;113.76;112.12;110.48;108.84;107.20;106.23;105.27;104.31;103.34
79.00;Guinea;GIN;;;;;;;;;;;;;;;;;;;;;;;;;;;;;;;;;;;;;;174.44;172.69;170.94;169.19;167.44;165.69;164.03;162.37;160.71;159.05;157.39;152.65;147.90;143.15;138.41
80.00;Guinea-Bissau;GNB;;;;;;;;;;;;;;;;;;;;;;;;;;;;;;;;;;;;;;147.33;143.99;140.64;137.30;133.96;130.61;126.71;122.81;118.91;115.01;111.11;108.12;105.14;102.15;99.16
81.00;Guyana;GUY;;;;;;;;;;;;;;;;;;;;;;;;;;;;;;;;;;;;;;73.93;75.62;77.30;78.99;80.67;82.36;79.55;76.74;73.94;71.13;68.32;65.44;62.56;59.68;56.80
82.00;Haití;HTI;;;;;;;;;;;;;;;;;;;;;;;;;;;;;;;;;;;;;;61.80;59.94;58.08;56.22;54.36;52.50;51.28;50.06;48.84;47.62;46.40;45.37;44.34;43.31;42.28
83.00;Honduras;HND;;;;;;;;;;;;;;;;;;;;;;;;;;;;;;;;;;;;;;114.60;112.18;109.76;107.34;104.92;102.50;100.62;98.74;96.86;94.98;93.10;91.65;90.21;88.76;87.31
84.00;Hong Kong, Región Administrativa Especial;HKG;;;;;;;;;;;;;;;;;;;;;;;;;;;;;;;;;;;;;;5.00;4.80;4.60;4.40;4.20;4.00;3.84;3.68;3.52;3.36;3.20;3.40;3.61;3.81;4.01
85.00;Hungría;HUN;;;;;;;;;;;;;;;;;;;;;;;;;;;;;;;;;;;;;;27.03;25.33;23.63;21.93;20.24;18.54;18.14;17.74;17.34;16.95;16.55;15.96;15.36;14.77;14.18
86.00;Islandia;ISL;;;;;;;;;;;;;;;;;;;;;;;;;;;;;;;;;;;;;;23.52;22.27;21.02;19.76;18.51;17.26;16.72;16.18;15.63;15.09;14.55;13.96;13.36;12.77;12.18
87.00;India;IND;;;;;;;;;;;;;;;;;;;;;;;;;;;;;;;;;;;;;;116.10;112.61;109.11;105.62;102.13;98.64;96.18;93.72;91.26;88.80;86.34;84.00;81.67;79.33;77.00
88.00;Indonesia;IDN;;;;;;;;;;;;;;;;;;;;;;;;;;;;;;;;;;;;;;47.85;48.09;48.33;48.57;48.81;49.05;48.27;47.48;46.69;45.91;45.12;44.56;44.01;43.45;42.90
89.00;Irán, República Islámica del;IRN;;;;;;;;;;;;;;;;;;;;;;;;;;;;;;;;;;;;;;48.42;45.44;42.45;39.47;36.49;33.50;32.70;31.89;31.08;30.28;29.47;28.57;27.68;26.78;25.88
90.00;Iraq;IRQ;;;;;;;;;;;;;;;;;;;;;;;;;;;;;;;;;;;;;;57.09;59.92;62.75;65.59;68.42;71.25;76.59;81.94;87.28;92.62;97.97;95.55;93.14;90.72;88.31
91.00;Irlanda;IRL;;;;;;;;;;;;;;;;;;;;;;;;;;;;;;;;;;;;;;19.00;19.00;19.00;19.00;19.00;19.00;18.70;18.40;18.10;17.80;17.50;15.76;14.03;12.29;10.55
92.00;Isla de Man;IMN;;;;;;;;;;;;;;;;;;;;;;;;;;;;;;;;;;;;;;;;;;;;;;;;;;;;
93.00;Israel;ISR;;;;;;;;;;;;;;;;;;;;;;;;;;;;;;;;;;;;;;17.66;17.33;17.01;16.69;16.37;16.04;15.64;15.24;14.84;14.44;14.04;14.03;14.03;14.03;14.02
94.00;Italia;ITA;;;;;;;;;;;;;;;;;;;;;;;;;;;;;;;;;;;;;;7.00;7.00;7.00;7.00;7.00;7.00;6.93;6.86;6.80;6.73;6.66;6.13;5.59;5.06;4.53
95.00;Jamaica;JAM;;;;;;;;;;;;;;;;;;;;;;;;;;;;;;;;;;;;;;93.45;91.85;90.25;88.65;87.05;85.45;83.82;82.19;80.57;78.94;77.31;75.79;74.28;72.76;71.24
96.00;Japón;JPN;;;;;;;;;;;;;;;;;;;;;;;;;;;;;;;;;;;;;;4.40;4.68;4.96;5.24;5.52;5.80;5.64;5.49;5.33;5.18;5.02;5.23;5.43;5.63;5.83
97.00;Jordania;JOR;;;;;;;;;;;;;;;;;;;;;;;;;;;;;;;;;;;;;;40.59;38.67;36.75;34.83;32.91;30.99;30.09;29.19;28.29;27.39;26.49;25.93;25.37;24.81;24.25
98.00;Kazajstán;KAZ;;;;;;;;;;;;;;;;;;;;;;;;;;;;;;;;;;;;;;40.04;37.71;35.39;33.06;30.73;28.41;28.73;29.05;29.37;29.69;30.01;29.11;28.21;27.30;26.40
99.00;Kenya;KEN;;;;;;;;;;;;;;;;;;;;;;;;;;;;;;;;;;;;;;105.70;105.40;105.10;104.80;104.50;104.20;103.40;102.61;101.81;101.02;100.22;99.80;99.37;98.94;98.52
100.00;Kiribati;KIR;;;;;;;;;;;;;;;;;;;;;;;;;;;;;;;;;;;;;;;;;;;;;;;;;;;;
101.00;Corea, República Popular Democrática de;PRK;;;;;;;;;;;;;;;;;;;;;;;;;;;;;;;;;;;;;;1.36;1.29;1.21;1.14;1.06;0.98;0.92;0.85;0.79;0.72;0.66;0.65;0.65;0.64;0.64
102.00;Corea, República de;KOR;;;;;;;;;;;;;;;;;;;;;;;;;;;;;;;;;;;;;;2.95;2.80;2.65;2.50;2.35;2.20;2.21;2.23;2.24;2.26;2.27;2.98;3.68;4.39;5.09
103.00;Kosovo;KSV;;;;;;;;;;;;;;;;;;;;;;;;;;;;;;;;;;;;;;;;;;;;;;;;;;;;
104.00;Kuwait;KWT;;;;;;;;;;;;;;;;;;;;;;;;;;;;;;;;;;;;;;26.87;24.72;22.57;20.41;18.26;16.11;15.65;15.18;14.72;14.26;13.79;13.92;14.04;14.16;14.28
105.00;Kirguistán;KGZ;;;;;;;;;;;;;;;;;;;;;;;;;;;;;;;;;;;;;;37.62;36.40;35.17;33.95;32.72;31.50;32.01;32.52;33.03;33.55;34.06;33.85;33.64;33.43;33.23
106.00;República Democrática Popular Lao;LAO;;;;;;;;;;;;;;;;;;;;;;;;;;;;;;;;;;;;;;55.50;54.79;54.08;53.38;52.67;51.96;49.36;46.76;44.16;41.56;38.96;37.17;35.39;33.61;31.83
107.00;Letonia;LVA;;;;;;;;;;;;;;;;;;;;;;;;;;;;;;;;;;;;;;21.90;20.84;19.78;18.73;17.67;16.61;16.90;17.18;17.47;17.76;18.04;16.99;15.93;14.88;13.82
108.00;Líbano;LBN;;;;;;;;;;;;;;;;;;;;;;;;;;;;;;;;;;;;;;32.02;29.58;27.14;24.70;22.26;19.82;19.10;18.37;17.65;16.92;16.20;16.04;15.89;15.73;15.57
109.00;Lesotho;LSO;;;;;;;;;;;;;;;;;;;;;;;;;;;;;;;;;;;;;;94.02;93.13;92.25;91.36;90.48;89.59;86.37;83.14;79.91;76.69;73.46;70.93;68.39;65.85;63.32
110.00;Liberia;LBR;;;;;;;;;;;;;;;;;;;;;;;;;;;;;;;;;;;;;;152.20;150.97;149.74;148.52;147.29;146.06;145.36;144.66;143.96;143.25;142.55;138.65;134.74;130.84;126.94
111.00;Libia;LBY;;;;;;;;;;;;;;;;;;;;;;;;;;;;;;;;;;;;;;4.68;4.51;4.34;4.18;4.01;3.84;3.70;3.57;3.43;3.30;3.16;3.04;2.92;2.80;2.68
112.00;Liechtenstein;LIE;;;;;;;;;;;;;;;;;;;;;;;;;;;;;;;;;;;;;;;;;;;;;;;;;;;;
113.00;Lituania;LTU;;;;;;;;;;;;;;;;;;;;;;;;;;;;;;;;;;;;;;32.19;29.88;27.57;25.26;22.96;20.65;20.46;20.27;20.08;19.89;19.70;18.99;18.28;17.57;16.86
114.00;Luxemburgo;LUX;;;;;;;;;;;;;;;;;;;;;;;;;;;;;;;;;;;;;;10.08;10.42;10.76;11.10;11.44;11.78;11.45;11.12;10.79;10.45;10.12;9.78;9.44;9.10;8.75
115.00;Región Administrativa Especial de Macao, China;MAC;;;;;;;;;;;;;;;;;;;;;;;;;;;;;;;;;;;;;;6.07;5.65;5.22;4.80;4.38;3.95;3.76;3.57;3.38;3.19;3.00;3.37;3.74;4.11;4.48
116.00;Ex República Yugoslava de Macedonia;MKD;;;;;;;;;;;;;;;;;;;;;;;;;;;;;;;;;;;;;;33.43;32.00;30.57;29.13;27.70;26.27;25.42;24.56;23.70;22.85;21.99;21.14;20.30;19.46;18.61
117.00;Madagascar;MDG;;;;;;;;;;;;;;;;;;;;;;;;;;;;;;;;;;;;;;155.12;153.99;152.86;151.73;150.60;149.47;146.43;143.39;140.35;137.31;134.27;131.95;129.63;127.31;124.99
118.00;Malawi;MWI;;;;;;;;;;;;;;;;;;;;;;;;;;;;;;;;;;;;;;160.90;160.55;160.19;159.84;159.48;159.12;151.13;143.14;135.15;127.15;119.16;116.46;113.75;111.05;108.35
119.00;Malasia;MYS;;;;;;;;;;;;;;;;;;;;;;;;;;;;;;;;;;;;;;15.00;15.04;15.07;15.11;15.15;15.18;14.99;14.81;14.62;14.43;14.24;13.35;12.46;11.58;10.69
120.00;Maldivas;MDV;;;;;;;;;;;;;;;;;;;;;;;;;;;;;;;;;;;;;;46.58;41.87;37.17;32.46;27.75;23.04;20.86;18.69;16.51;14.33;12.15;11.76;11.36;10.97;10.57
121.00;Malí;MLI;;;;;;;;;;;;;;;;;;;;;;;;;;;;;;;;;;;;;;190.85;190.57;190.29;190.02;189.74;189.46;188.82;188.18;187.53;186.89;186.25;182.79;179.33;175.87;172.40
122.00;Malta;MLT;;;;;;;;;;;;;;;;;;;;;;;;;;;;;;;;;;;;;;16.51;16.45;16.38;16.32;16.25;16.19;16.40;16.62;16.83;17.04;17.26;16.16;15.07;13.97;12.88
123.00;Islas Marshall;MHL;;;;;;;;;;;;;;;;;;;;;;;;;;;;;;;;;;;;;;;;;;;;;;;;;;;;
124.00;Mauritania;MRT;;;;;;;;;;;;;;;;;;;;;;;;;;;;;;;;;;;;;;96.49;94.79;93.09;91.39;89.69;87.99;86.24;84.49;82.74;80.99;79.24;77.66;76.08;74.50;72.92
125.00;Mauricio;MUS;;;;;;;;;;;;;;;;;;;;;;;;;;;;;;;;;;;;;;36.29;36.33;36.37;36.40;36.44;36.48;36.27;36.06;35.84;35.63;35.42;34.70;33.99;33.27;32.56
126.00;México;MEX;;;;;;;;;;;;;;;;;;;;;;;;;;;;;;;;;;;;;;77.80;77.11;76.42;75.74;75.05;74.36;73.61;72.87;72.12;71.38;70.63;69.60;68.57;67.54;66.52
127.00;Micronesia (Estados Federados de);FSM;;;;;;;;;;;;;;;;;;;;;;;;;;;;;;;;;;;;;;44.82;42.71;40.60;38.49;36.37;34.26;32.50;30.73;28.96;27.19;25.43;24.03;22.64;21.24;19.85
128.00;República de Moldova;MDA;;;;;;;;;;;;;;;;;;;;;;;;;;;;;;;;;;;;;;58.07;53.95;49.82;45.69;41.57;37.44;36.71;35.99;35.26;34.54;33.81;32.88;31.94;31.01;30.07
129.00;Mónaco;MCO;;;;;;;;;;;;;;;;;;;;;;;;;;;;;;;;;;;;;;;;;;;;;;;;;;;;
130.00;Mongolia;MNG;;;;;;;;;;;;;;;;;;;;;;;;;;;;;;;;;;;;;;32.79;30.59;28.40;26.20;24.01;21.81;21.61;21.41;21.20;21.00;20.80;20.39;19.97;19.56;19.15
131.00;Montenegro;MNE;;;;;;;;;;;;;;;;;;;;;;;;;;;;;;;;;;;;;;23.38;22.88;22.38;21.88;21.37;20.87;20.33;19.78;19.24;18.70;18.15;17.49;16.82;16.16;15.49
132.00;Marruecos;MAR;;;;;;;;;;;;;;;;;;;;;;;;;;;;;;;;;;;;;;27.07;25.56;24.05;22.54;21.03;19.52;18.64;17.76;16.87;15.99;15.11;14.25;13.40;12.54;11.68
133.00;Mozambique;MOZ;;;;;;;;;;;;;;;;;;;;;;;;;;;;;;;;;;;;;;117.05;128.92;140.78;152.65;164.52;176.38;170.95;165.51;160.08;154.64;149.21;144.25;139.30;134.34;129.39
134.00;Myanmar;MMR;;;;;;;;;;;;;;;;;;;;;;;;;;;;;;;;;;;;;;23.74;22.85;21.97;21.08;20.19;19.30;18.69;18.09;17.48;16.87;16.27;15.41;14.55;13.70;12.84
135.00;Namibia;NAM;;;;;;;;;;;;;;;;;;;;;;;;;;;;;;;;;;;;;;90.39;88.66;86.92;85.19;83.45;81.72;80.26;78.80;77.34;75.88;74.41;70.42;66.42;62.43;58.43
136.00;Nepal;NPL;;;;;;;;;;;;;;;;;;;;;;;;;;;;;;;;;;;;;;129.10;127.26;125.42;123.58;121.75;119.91;116.61;113.31;110.01;106.72;103.42;99.97;96.53;93.08;89.63
137.00;Países Bajos;NLD;;;;;;;;;;;;;;;;;;;;;;;;;;;;;;;;;;;;;;6.17;6.35;6.53;6.71;6.89;7.07;6.67;6.27;5.87;5.46;5.06;4.90;4.74;4.58;4.43
138.00;Nueva Caledonia;NCL;;;;;;;;;;;;;;;;;;;;;;;;;;;;;;;;;;;;;;16.31;16.85;17.39;17.92;18.46;19.00;19.20;19.40;19.60;19.80;20.00;20.04;20.08;20.12;20.16
139.00;Nueva Zelandia;NZL;;;;;;;;;;;;;;;;;;;;;;;;;;;;;;;;;;;;;;31.51;30.64;29.76;28.88;28.01;27.13;27.89;28.64;29.40;30.15;30.91;28.44;25.98;23.51;21.04
140.00;Nicaragua;NIC;;;;;;;;;;;;;;;;;;;;;;;;;;;;;;;;;;;;;;132.60;129.96;127.32;124.68;122.04;119.40;118.06;116.72;115.38;114.04;112.70;111.13;109.56;107.99;106.42
141.00;Níger;NER;;;;;;;;;;;;;;;;;;;;;;;;;;;;;;;;;;;;;;220.56;219.15;217.75;216.35;214.95;213.55;212.25;210.96;209.67;208.38;207.08;204.39;201.70;199.00;196.31
142.00;Nigeria;NGA;;;;;;;;;;;;;;;;;;;;;;;;;;;;;;;;;;;;;;135.21;133.62;132.02;130.43;128.83;127.24;125.45;123.67;121.89;120.10;118.32;116.92;115.53;114.13;112.74
143.00;Mariana;MNP;;;;;;;;;;;;;;;;;;;;;;;;;;;;;;;;;;;;;;;;;;;;;;;;;;;;
144.00;Noruega;NOR;;;;;;;;;;;;;;;;;;;;;;;;;;;;;;;;;;;;;;12.59;12.00;11.41;10.82;10.23;9.65;9.51;9.37;9.24;9.10;8.96;8.65;8.34;8.03;7.71
145.00;Omán;OMN;;;;;;;;;;;;;;;;;;;;;;;;;;;;;;;;;;;;;;43.16;38.16;33.15;28.14;23.14;18.13;16.35;14.57;12.79;11.01;9.23;9.25;9.26;9.28;9.30
146.00;Pakistán;PAK;;;;;;;;;;;;;;;;;;;;;;;;;;;;;;;;;;;;;;60.01;56.26;52.51;48.76;45.01;41.26;39.33;37.41;35.49;33.57;31.64;30.94;30.23;29.52;28.81
147.00;Palau;PLW;;;;;;;;;;;;;;;;;;;;;;;;;;;;;;;;;;;;;;;;;;;;;;;;;;;;
148.00;Panamá;PAN;;;;;;;;;;;;;;;;;;;;;;;;;;;;;;;;;;;;;;93.20;92.36;91.52;90.68;89.84;89.00;87.72;86.44;85.16;83.88;82.60;81.26;79.91;78.57;77.22
149.00;Papua Nueva Guinea;PNG;;;;;;;;;;;;;;;;;;;;;;;;;;;;;;;;;;;;;;75.65;74.71;73.78;72.84;71.90;70.97;70.15;69.33;68.52;67.70;66.89;65.90;64.92;63.94;62.96
150.00;Paraguay;PRY;;;;;;;;;;;;;;;;;;;;;;;;;;;;;;;;;;;;;;91.90;89.98;88.06;86.14;84.22;82.30;80.30;78.30;76.30;74.30;72.30;71.18;70.07;68.95;67.83
151.00;Perú;PER;;;;;;;;;;;;;;;;;;;;;;;;;;;;;;;;;;;;;;70.50;68.70;66.90;65.10;63.30;61.50;60.14;58.78;57.42;56.06;54.70;53.51;52.32;51.12;49.93
152.00;Filipinas;PHL;;;;;;;;;;;;;;;;;;;;;;;;;;;;;;;;;;;;;;49.06;50.02;50.99;51.95;52.91;53.87;53.91;53.96;54.00;54.04;54.09;52.57;51.05;49.53;48.01
153.00;Polonia;POL;;;;;;;;;;;;;;;;;;;;;;;;;;;;;;;;;;;;;;20.38;19.29;18.20;17.11;16.02;14.93;14.90;14.87;14.84;14.81;14.79;14.27;13.75;13.23;12.72
154.00;Portugal;PRT;;;;;;;;;;;;;;;;;;;;;;;;;;;;;;;;;;;;;;20.72;20.61;20.51;20.41;20.30;20.20;19.52;18.83;18.15;17.46;16.78;15.93;15.08;14.22;13.37
155.00;Puerto Rico;PRI;;;;;;;;;;;;;;;;;;;;;;;;;;;;;;;;;;;;;;72.40;70.92;69.44;67.96;66.48;65.00;62.77;60.54;58.30;56.07;53.84;53.19;52.54;51.89;51.24
156.00;Qatar;QAT;;;;;;;;;;;;;;;;;;;;;;;;;;;;;;;;;;;;;;24.24;23.10;21.96;20.83;19.69;18.56;18.08;17.60;17.12;16.65;16.17;16.03;15.89;15.75;15.61
157.00;Rumania;ROU;;;;;;;;;;;;;;;;;;;;;;;;;;;;;;;;;;;;;;41.89;40.52;39.14;37.76;36.39;35.01;34.41;33.81;33.21;32.61;32.01;31.36;30.71;30.06;29.41
158.00;Federación de Rusia;RUS;;;;;;;;;;;;;;;;;;;;;;;;;;;;;;;;;;;;;;35.66;34.12;32.57;31.03;29.48;27.93;28.35;28.78;29.20;29.62;30.04;28.67;27.31;25.94;24.58
159.00;Rwanda;RWA;;;;;;;;;;;;;;;;;;;;;;;;;;;;;;;;;;;;;;53.52;51.75;49.98;48.22;46.45;44.68;43.48;42.28;41.07;39.87;38.66;38.03;37.40;36.76;36.13
160.00;Samoa;WSM;;;;;;;;;;;;;;;;;;;;;;;;;;;;;;;;;;;;;;45.44;43.72;42.00;40.27;38.55;36.83;35.12;33.41;31.71;30.00;28.29;27.74;27.18;26.63;26.08
161.00;San Marino;SMR;;;;;;;;;;;;;;;;;;;;;;;;;;;;;;;;;;;;;;;;;;;;;;;;;;;;
162.00;Santo Tomé y Príncipe;STP;;;;;;;;;;;;;;;;;;;;;;;;;;;;;;;;;;;;;;94.58;91.68;88.77;85.86;82.95;80.04;77.26;74.48;71.69;68.91;66.13;63.98;61.83;59.68;57.53
163.00;Arabia Saudita;SAU;;;;;;;;;;;;;;;;;;;;;;;;;;;;;;;;;;;;;;37.29;33.95;30.62;27.28;23.95;20.61;18.80;16.99;15.17;13.36;11.55;13.65;15.75;17.85;19.96
164.00;Senegal;SEN;;;;;;;;;;;;;;;;;;;;;;;;;;;;;;;;;;;;;;112.44;111.49;110.54;109.59;108.64;107.69;107.33;106.98;106.63;106.28;105.93;102.68;99.44;96.20;92.95
165.00;Serbia;SRB;;;;;;;;;;;;;;;;;;;;;;;;;;;;;;;;;;;;;;27.97;27.54;27.11;26.68;26.24;25.81;25.07;24.33;23.59;22.84;22.10;21.53;20.96;20.39;19.82
166.00;Seychelles;SYC;;;;;;;;;;;;;;;;;;;;;;;;;;;;;;;;;;;;;;;;;;;;;;;;;;;;
167.00;Sierra Leona;SLE;;;;;;;;;;;;;;;;;;;;;;;;;;;;;;;;;;;;;;150.87;149.37;147.88;146.38;144.89;143.39;143.45;143.51;143.57;143.63;143.69;135.79;127.89;120.00;112.10
168.00;Singapur;SGP;;;;;;;;;;;;;;;;;;;;;;;;;;;;;;;;;;;;;;8.00;7.80;7.60;7.40;7.20;7.00;6.55;6.10;5.65;5.20;4.76;5.15;5.54;5.94;6.33
169.00;Sint Maarten (Dutch part);SXM;;;;;;;;;;;;;;;;;;;;;;;;;;;;;;;;;;;;;;;;;;;;;;;;;;;;
170.00;República Eslovaca;SVK;;;;;;;;;;;;;;;;;;;;;;;;;;;;;;;;;;;;;;27.39;26.05;24.71;23.36;22.02;20.68;20.58;20.49;20.40;20.30;20.21;19.51;18.81;18.11;17.41
171.00;Eslovenia;SVN;;;;;;;;;;;;;;;;;;;;;;;;;;;;;;;;;;;;;;12.78;11.92;11.06;10.20;9.34;8.48;7.79;7.09;6.39;5.69;4.99;4.88;4.78;4.67;4.57
172.00;Islas Salomón;SLB;;;;;;;;;;;;;;;;;;;;;;;;;;;;;;;;;;;;;;71.12;70.92;70.72;70.52;70.32;70.11;70.16;70.20;70.24;70.29;70.33;69.18;68.03;66.89;65.74
173.00;Somalia;SOM;;;;;;;;;;;;;;;;;;;;;;;;;;;;;;;;;;;;;;72.54;72.41;72.28;72.15;72.02;71.89;71.54;71.19;70.84;70.49;70.14;69.71;69.28;68.85;68.41
174.00;Sudáfrica;ZAF;;;;;;;;;;;;;;;;;;;;;;;;;;;;;;;;;;;;;;80.59;78.61;76.64;74.67;72.69;70.72;68.41;66.10;63.78;61.47;59.16;57.41;55.67;53.92;52.18
175.00;Sudán del Sur;SSD;;;;;;;;;;;;;;;;;;;;;;;;;;;;;;;;;;;;;;;;;;;;;;;;;;;;
176.00;España;ESP;;;;;;;;;;;;;;;;;;;;;;;;;;;;;;;;;;;;;;8.06;8.50;8.94;9.39;9.83;10.27;10.77;11.26;11.76;12.25;12.75;12.34;11.92;11.51;11.09
177.00;Sri Lanka;LKA;;;;;;;;;;;;;;;;;;;;;;;;;;;;;;;;;;;;;;27.96;27.95;27.95;27.94;27.94;27.93;27.06;26.19;25.32;24.45;23.58;23.28;22.98;22.68;22.38
178.00;Saint Kitts y Nevis;KNA;;;;;;;;;;;;;;;;;;;;;;;;;;;;;;;;;;;;;;;;;;;;;;;;;;;;
179.00;Santa Lucía;LCA;;;;;;;;;;;;;;;;;;;;;;;;;;;;;;;;;;;;;;69.81;68.23;66.66;65.09;63.52;61.95;61.89;61.83;61.77;61.71;61.65;60.50;59.34;58.18;57.03
180.00;Isla de San Martín (parte francesa);MAF;;;;;;;;;;;;;;;;;;;;;;;;;;;;;;;;;;;;;;;;;;;;;;;;;;;;
181.00;San Vicente y las Granadinas;VCT;;;;;;;;;;;;;;;;;;;;;;;;;;;;;;;;;;;;;;76.14;73.84;71.53;69.22;66.91;64.61;63.47;62.33;61.20;60.06;58.93;57.97;57.02;56.06;55.10
182.00;Sudán;SDN;;;;;;;;;;;;;;;;;;;;;;;;;;;;;;;;;;;;;;87.06;84.37;81.69;79.00;76.32;73.63;71.28;68.92;66.57;64.21;61.86;60.08;58.30;56.53;54.75
183.00;Suriname;SUR;;;;;;;;;;;;;;;;;;;;;;;;;;;;;;;;;;;;;;50.85;49.65;48.44;47.24;46.04;44.83;43.76;42.68;41.61;40.54;39.46;38.56;37.65;36.75;35.84
184.00;Swazilandia;SWZ;;;;;;;;;;;;;;;;;;;;;;;;;;;;;;;;;;;;;;109.38;107.99;106.59;105.20;103.80;102.41;98.70;94.99;91.28;87.56;83.85;80.67;77.48;74.30;71.11
185.00;Suecia;SWE;;;;;;;;;;;;;;;;;;;;;;;;;;;;;;;;;;;;;;8.93;8.76;8.60;8.44;8.28;8.12;7.69;7.25;6.82;6.39;5.96;6.08;6.20;6.31;6.43
186.00;Suiza;CHE;;;;;;;;;;;;;;;;;;;;;;;;;;;;;;;;;;;;;;5.69;5.62;5.55;5.48;5.41;5.34;5.19;5.04;4.89;4.73;4.58;4.45;4.32;4.19;4.06
187.00;República Árabe Siria;SYR;;;;;;;;;;;;;;;;;;;;;;;;;;;;;;;;;;;;;;51.87;50.59;49.32;48.05;46.77;45.50;44.96;44.41;43.86;43.31;42.77;41.52;40.27;39.03;37.78
188.00;Tayikistán;TJK;;;;;;;;;;;;;;;;;;;;;;;;;;;;;;;;;;;;;;35.78;34.92;34.07;33.21;32.36;31.51;30.88;30.25;29.62;28.99;28.36;27.84;27.31;26.79;26.26
189.00;Tanzanía;TZA;;;;;;;;;;;;;;;;;;;;;;;;;;;;;;;;;;;;;;133.29;133.03;132.77;132.51;132.25;131.99;131.68;131.37;131.06;130.75;130.44;130.08;129.73;129.38;129.03
190.00;Tailandia;THA;;;;;;;;;;;;;;;;;;;;;;;;;;;;;;;;;;;;;;45.75;45.32;44.89;44.46;44.03;43.60;43.55;43.49;43.44;43.39;43.33;42.06;40.78;39.51;38.23
191.00;Timor-Leste;TLS;;;;;;;;;;;;;;;;;;;;;;;;;;;;;;;;;;;;;;71.93;71.56;71.19;70.83;70.46;70.09;69.24;68.38;67.52;66.67;65.81;63.10;60.39;57.67;54.96
192.00;Togo;TGO;;;;;;;;;;;;;;;;;;;;;;;;;;;;;;;;;;;;;;93.90;90.91;87.91;84.91;81.92;78.92;76.20;73.49;70.77;68.05;65.33;63.13;60.93;58.73;56.53
193.00;Tonga;TON;;;;;;;;;;;;;;;;;;;;;;;;;;;;;;;;;;;;;;22.50;22.26;22.01;21.76;21.51;21.27;21.47;21.68;21.89;22.09;22.30;21.44;20.58;19.73;18.87
194.00;Trinidad y Tobago;TTO;;;;;;;;;;;;;;;;;;;;;;;;;;;;;;;;;;;;;;42.08;40.74;39.39;38.05;36.70;35.36;35.23;35.09;34.96;34.83;34.70;34.09;33.48;32.86;32.25
195.00;Túnez;TUN;;;;;;;;;;;;;;;;;;;;;;;;;;;;;;;;;;;;;;8.43;8.05;7.67;7.29;6.90;6.52;6.35;6.18;6.02;5.85;5.68;5.41;5.15;4.88;4.62
196.00;Turquía;TUR;;;;;;;;;;;;;;;;;;;;;;;;;;;;;;;;;;;;;;52.00;50.16;48.32;46.49;44.65;42.82;42.09;41.36;40.63;39.90;39.17;37.42;35.68;33.94;32.19
197.00;Turkmenistán;TKM;;;;;;;;;;;;;;;;;;;;;;;;;;;;;;;;;;;;;;17.76;18.81;19.87;20.92;21.98;23.03;22.33;21.64;20.94;20.24;19.54;19.01;18.47;17.93;17.40
198.00;Islas Turcas y Caicos;TCA;;;;;;;;;;;;;;;;;;;;;;;;;;;;;;;;;;;;;;;;;;;;;;;;;;;;
199.00;Tuvalu;TUV;;;;;;;;;;;;;;;;;;;;;;;;;;;;;;;;;;;;;;;;;;;;;;;;;;;;
200.00;Uganda;UGA;;;;;;;;;;;;;;;;;;;;;;;;;;;;;;;;;;;;;;191.02;187.32;183.62;179.93;176.23;172.54;168.02;163.49;158.97;154.45;149.93;145.22;140.51;135.81;131.10
201.00;Ucrania;UKR;;;;;;;;;;;;;;;;;;;;;;;;;;;;;;;;;;;;;;43.00;40.29;37.59;34.88;32.18;29.47;29.73;30.00;30.26;30.52;30.79;29.85;28.91;27.97;27.03
202.00;Emiratos Árabes Unidos;ARE;;;;;;;;;;;;;;;;;;;;;;;;;;;;;;;;;;;;;;27.58;27.06;26.53;26.00;25.47;24.95;25.30;25.64;25.99;26.34;26.69;26.04;25.38;24.73;24.07
203.00;Reino Unido;GBR;;;;;;;;;;;;;;;;;;;;;;;;;;;;;;;;;;;;;;31.00;30.20;29.40;28.60;27.80;27.00;27.53;28.06;28.59;29.11;29.64;29.66;29.68;29.70;29.72
204.00;Estados Unidos;USA;;;;;;;;;;;;;;;;;;;;;;;;;;;;;;;;;;;;;;50.53;49.04;47.55;46.07;44.58;43.10;42.71;42.33;41.95;41.56;41.18;38.42;35.66;32.90;30.14
205.00;Uruguay;URY;;;;;;;;;;;;;;;;;;;;;;;;;;;;;;;;;;;;;;67.30;66.54;65.78;65.02;64.26;63.50;63.02;62.54;62.06;61.58;61.10;60.69;60.27;59.86;59.45
206.00;Uzbekistán;UZB;;;;;;;;;;;;;;;;;;;;;;;;;;;;;;;;;;;;;;41.48;36.05;30.62;25.19;19.76;14.33;14.22;14.12;14.01;13.90;13.80;13.59;13.39;13.18;12.98
207.00;Vanuatu;VUT;;;;;;;;;;;;;;;;;;;;;;;;;;;;;;;;;;;;;;61.97;61.18;60.40;59.62;58.83;58.05;57.24;56.43;55.62;54.81;54.00;53.32;52.65;51.97;51.30
208.00;Venezuela;VEN;;;;;;;;;;;;;;;;;;;;;;;;;;;;;;;;;;;;;;94.10;93.70;93.30;92.90;92.50;92.10;91.66;91.22;90.78;90.34;89.90;89.39;88.87;88.36;87.85
209.00;Viet Nam;VNM;;;;;;;;;;;;;;;;;;;;;;;;;;;;;;;;;;;;;;27.09;26.83;26.56;26.30;26.03;25.77;25.98;26.20;26.42;26.63;26.85;26.02;25.18;24.35;23.51
210.00;Islas Vírgenes (EE.UU.);VIR;;;;;;;;;;;;;;;;;;;;;;;;;;;;;;;;;;;;;;51.85;49.01;46.16;43.32;40.47;37.63;35.94;34.25;32.57;30.88;29.19;27.62;26.06;24.49;22.92
211.00;Ribera Occidental y Gaza;PSE;;;;;;;;;;;;;;;;;;;;;;;;;;;;;;;;;;;;;;96.50;91.47;86.45;81.42;76.40;71.37;67.80;64.22;60.65;57.08;53.51;52.47;51.44;50.40;49.37
212.00;Yemen, Rep. del;YEM;;;;;;;;;;;;;;;;;;;;;;;;;;;;;;;;;;;;;;109.05;105.49;101.92;98.36;94.79;91.23;88.75;86.28;83.80;81.32;78.84;76.29;73.73;71.18;68.62
213.00;Zambia;ZMB;;;;;;;;;;;;;;;;;;;;;;;;;;;;;;;;;;;;;;143.10;146.39;149.69;152.99;156.29;159.59;157.04;154.48;151.93;149.38;146.83;145.16;143.48;141.81;140.14
214.00;Zimbabwe;ZWE;;;;;;;;;;;;;;;;;;;;;;;;;;;;;;;;;;;;;;106.30;100.07;93.84;87.61;81.38;75.15;73.05;70.94;68.83;66.72;64.61;62.36;60.11;57.86;55.61
